Wall time,Step,Value
1558676617.362737,0,0.09070000052452087
1558676865.160699,4013,0.777999997138977
1558677293.112969,8014,0.7782999873161316
1558677480.583244,12014,0.7764999866485596
1558677728.071061,16017,0.801800012588501
1558677915.650614,20022,0.7656999826431274
1558678163.727279,24002,0.7907000184059143
