Wall time,Step,Value
1557948510.848452,0,0.09989999979734421
1557948818.962744,4004,0.703000009059906
1557949308.222401,8005,0.7653999924659729
1557949495.751892,12006,0.7389000058174133
1557949743.372218,16008,0.7810999751091003
1557949931.467806,20009,0.8021000027656555
1557950119.251227,24002,0.8273000121116638
