Wall time,Step,Value
1559282519.179961,0,0.10000000149011612
1559282767.071818,4003,0.6669999957084656
1559283135.10401,8048,0.7074999809265137
1559283382.947756,12048,0.7888000011444092
1559283569.873442,16050,0.800000011920929
1559283756.924444,20052,0.7669000029563904
1559284005.018021,24001,0.7947999835014343
