Wall time,Step,Value
1557950507.897307,0,0.09989999979734421
1557950695.629324,4003,0.6815999746322632
1557951244.497099,8005,0.6585999727249146
1557951431.966867,12005,0.7179999947547913
1557951619.426505,16006,0.7942000031471252
1557951806.914201,20008,0.7961999773979187
1557952055.132448,24001,0.781499981880188
