Wall time,Step,Value
1558673297.613259,0,0.09350000321865082
1558673364.700711,4010,0.6855000257492065
1558673792.58175,8013,0.746999979019165
1558673979.696942,12014,0.690500020980835
1558674227.533991,16016,0.7764000296592712
1558674415.404095,20019,0.7667999863624573
1558674662.891557,24001,0.7789000272750854
