Wall time,Step,Value
1564107757.775844,101,0.6893543004989624
1564107898.243724,201,0.7119064331054688
1564108038.902938,301,0.7109382152557373
1564108179.624351,401,0.7106238007545471
1564108319.730152,501,0.7137465476989746
1564108460.302156,601,0.7113791108131409
1564108600.817278,701,0.7116671204566956
1564108741.324694,801,0.7117061018943787
1564108881.820724,901,0.7117639183998108
1564109024.811246,1001,0.6993470788002014
1564109165.180412,1101,0.7124073505401611
1564109305.592647,1201,0.7121884822845459
1564109445.504096,1301,0.7147381901741028
1564109585.473343,1401,0.7144423723220825
