Wall time,Step,Value
1564605280.892957,101,0.8082956671714783
1564605402.649344,201,0.8213123083114624
1564605523.330954,301,0.8286265134811401
1564605643.683624,401,0.8308916091918945
1564605764.164223,501,0.8300091028213501
1564605884.78395,601,0.829051673412323
1564606005.900321,701,0.8256524205207825
1564606126.697458,801,0.8278341293334961
1564606246.877204,901,0.8320869207382202
1564606367.184624,1001,0.8312039971351624
1564606486.852174,1101,0.835648238658905
1564606605.911043,1201,0.8399206399917603
1564606726.386804,1301,0.83004230260849
1564606846.342896,1401,0.8336385488510132
